Item,Description,Primary Category,Sub-Category,AI Criticality,Traditional DC Criticality,Leading Provider,Expected Replacement Cycle,Recyclability,Supporting Link
Windows & glazing,Limited fenestration for office/monitoring areas.,Building Envelope,Apertures,Low,Low,Multiple commercial glazing suppliers,20-30 years,Medium,https://www.opencompute.org/projects/data-center-facility
Roofing membranes,Weatherproofing membranes on data-center roofs.,Building Envelope,Roof Systems,High,High,Carlisle / GAF,15-25 years,Low,https://eta-publications.lbl.gov/sites/default/files/2024-12/lbnl-2024-united-states-data-center-energy-usage-report.pdf
Insulated wall panels,Building envelope with insulation for climate control.,Building Envelope,Walls & Insulation,High,High,Kingspan / Metl-Span,20-30 years,Medium,https://www.opencompute.org/projects/data-center-facility
Seismic bracing,Earthquake protection hardware for equipment and racks.,Building Structure,Seismic Protection,Medium,Medium,Hilti / Simpson Strong-Tie,20+ years,High,https://www.opencompute.org/projects/data-center-facility
Concrete (slabs; foundations),Foundations and floor slabs supporting heavy equipment.,Building Structure,Structural Frame,High,High,Cemex / Holcim,50+ years,Low,https://eta-publications.lbl.gov/sites/default/files/2024-12/lbnl-2024-united-states-data-center-energy-usage-report.pdf
Rebar,Reinforcing steel in concrete structures.,Building Structure,Structural Frame,High,High,Nucor / Gerdau,50+ years,High,https://eta-publications.lbl.gov/sites/default/files/2024-12/lbnl-2024-united-states-data-center-energy-usage-report.pdf
Structural steel,Beams and columns for DC building structure.,Building Structure,Structural Frame,High,High,Nucor / ArcelorMittal,50+ years,High,https://www.opencompute.org/projects/data-center-facility
AI accelerator dies (GPU/TPU/ASIC),High-performance compute dies for AI training/inference.,Compute Components,AI Accelerators,Critical,Low,NVIDIA / AMD / Google TPU,3-5 years,Medium,https://docs.nvidia.com/dgx-superpod/design-guides/dgx-superpod-data-center-design-h100/latest/index.html
PCBs (FR-4; high-layer),Printed circuit boards for servers and switches.,Compute Components,Board Assembly,High,High,TTM / Unimicron,N/A - Integrated in server,Medium,https://www.opencompute.org/projects/server
Data preprocessing accelerators,Specialized hardware (DPUs/FPGAs) for data augmentation.,Compute Components,Data Processing,Medium,Minimal,NVIDIA DPU / Intel IPU / Xilinx,3-5 years,Medium,https://www.nvidia.com/en-us/data-center/dpu/
CXL (Compute Express Link) components,Memory and accelerator interconnect technology for pooled resources.,Compute Components,Emerging Interconnects,High,Low,Intel / Samsung / Rambus,3-5 years,Medium,https://www.computeexpresslink.org/
PCIe switches and retimers,High-speed PCIe fabric switches for GPU interconnection.,Compute Components,Interconnect Hardware,Critical,Low,Broadcom / Microchip / Astera Labs,7-10 years,Medium,https://www.opencompute.org/projects/server
Orchestration control servers,Servers running Kubernetes/orchestration control planes.,Compute Components,Management Infrastructure,High,High,Dell / HPE / Supermicro,5-7 years,Medium,https://kubernetes.io/
HBM memory stacks,High-bandwidth stacked DRAM tightly coupled to AI accelerators.,Compute Components,Memory - High Performance,Critical,Minimal,SK Hynix / Samsung / Micron,3-5 years,Medium,https://www.amd.com/en/products/accelerators/instinct/mi300x.html
DRAM DIMMs,Main memory modules for general server operations.,Compute Components,Memory - Standard,High,Critical,Samsung / SK Hynix / Micron,3-5 years,Medium,https://escholarship.org/uc/item/32d6m0d1
High-bandwidth memory controllers,Specialized memory controllers for GPU-CPU-storage coherency.,Compute Components,Memory Infrastructure,High,Low,AMD / Intel / NVIDIA,5-7 years,Medium,https://www.opencompute.org/projects/server
Lead-free solder balls,Tin-silver-copper solder bumps connecting packages to boards.,Compute Components,Packaging Materials,High,High,Senju / Alpha Assembly,N/A - Integrated in package,High,https://www.opencompute.org/documents/general-purpose-enterprise-server-specification-v1-02-20220210-docx-pdf
Substrates / interposers,Organic or silicon interposers connecting dies and HBM.,Compute Components,Packaging Materials,Critical,Medium,Ibiden / Shinko / Unimicron,N/A - Integrated in package,Low,https://www.opencompute.org/projects/server
Underfill & encapsulants,Epoxy materials stabilizing chip packages under thermal stress.,Compute Components,Packaging Materials,High,High,Henkel / Namics,N/A - Integrated in package,Low,https://www.opencompute.org/documents/general-purpose-enterprise-server-specification-v1-02-20220210-docx-pdf
CPU dies,Central processing units for general-purpose server computing.,Compute Components,Processors,High,Critical,Intel / AMD / ARM,3-5 years,Medium,https://www.opencompute.org/projects/server
Server chassis,Metal enclosures for rack servers.,Compute Components,Server Enclosures,High,High,Supermicro / Foxconn,7-10 years,High,https://www.opencompute.org/documents/general-purpose-enterprise-server-specification-v1-02-20220210-docx-pdf
Two-phase cooling systems,Advanced cooling using liquid-vapor phase change.,Cooling Systems,Advanced Liquid Cooling,Medium,Minimal,LiquidCool Solutions / Iceotope,7-10 years,Medium,https://www.researchgate.net/publication/two-phase-cooling
Air filters,Filtration media for CRAC/CRAH and AHU units.,Cooling Systems,Air Cooling,Medium,High,Camfil / 3M,6-12 months,Low,https://www.ashrae.org/technical-resources/bookstore/datacom-series
Aisle containment panels,Panels and doors used in hot-/cold-aisle containment.,Cooling Systems,Air Cooling,High,Medium,Panduit / Vertiv,10-15 years,High,https://docs.nvidia.com/dgx-superpod/design-guides/dgx-superpod-data-center-design-h100/latest/cooling.html
Axial/centrifugal fans,High-CFM fans with rare-earth magnets.,Cooling Systems,Air Cooling,Medium,High,Delta / Nidec,5-7 years,Medium,https://www.ashrae.org/technical-resources/bookstore/datacom-series
CRAC/CRAH units,Room-level air-conditioning/air-handling units.,Cooling Systems,Air Cooling,Medium,High,Vertiv / Stulz,10-15 years,Medium,https://dallas-ashrae.org/images/meeting/041625/the_ashrae_thermal_guidelines_for_data_centers_____past__present_and_future.pdf
Ductwork & dampers,Sheet-metal air distribution and control devices.,Cooling Systems,Air Cooling,Medium,High,Multiple HVAC fabricators,15-20 years,High,https://www.ashrae.org/technical-resources/bookstore/datacom-series
In-row cooling units,Cooling units placed between rack rows for high-density areas.,Cooling Systems,Air Cooling,High,Medium,Vertiv / Schneider / Stulz,10-15 years,Medium,https://www.ashrae.org/technical-resources/bookstore/datacom-series
Chillers,Large refrigeration units feeding chilled-water loops.,Cooling Systems,Chilled Water Systems,High,High,Trane / Carrier,15-20 years,Medium,https://www.ashrae.org/technical-resources/bookstore/datacom-series
Cooling towers,Heat-rejection units for water-cooled plants.,Cooling Systems,Chilled Water Systems,High,High,SPX / Evapco,15-20 years,Medium,https://www.ashrae.org/technical-resources/bookstore/datacom-series
Coolant distribution units (CDUs),Pumping and heat exchange units for liquid cooling loops.,Cooling Systems,Direct Liquid Cooling,Critical,Minimal,Vertiv / CoolIT / Motivair,7-10 years,Medium,https://docs.nvidia.com/dgx-superpod/design-guides/dgx-superpod-data-center-design-h100/latest/cooling.html
DLC coolant fluids,Water/glycol mixtures or engineered coolants for direct liquid cooling.,Cooling Systems,Direct Liquid Cooling,Critical,Minimal,Dow / 3M / Parker,Periodic replacement / top-up,Medium,https://docs.nvidia.com/dgx-superpod/design-guides/dgx-superpod-data-center-design-h100/latest/cooling.html
Heat exchangers (liquid-to-liquid),Secondary heat exchange for liquid cooling to facility water.,Cooling Systems,Direct Liquid Cooling,Critical,Minimal,Alfa Laval / Parker,10-15 years,High,https://docs.nvidia.com/dgx-superpod/design-guides/dgx-superpod-data-center-design-h100/latest/cooling.html
High-efficiency coolant pumps,Variable-speed pumps for liquid cooling loops.,Cooling Systems,Direct Liquid Cooling,High,Low,Grundfos / Wilo / Armstrong,7-10 years,High,https://www.ashrae.org/technical-resources/bookstore/datacom-series
Liquid cold plates,Direct-to-chip cold plates for high-power GPUs/CPUs.,Cooling Systems,Direct Liquid Cooling,Critical,Minimal,CoolIT / Asetek / NVIDIA,5-7 years,Medium,https://docs.nvidia.com/dgx-superpod/design-guides/dgx-superpod-data-center-design-h100/latest/cooling.html
Liquid manifolds; hoses & fittings,Distribution components for liquid-cooling loops.,Cooling Systems,Direct Liquid Cooling,Critical,Minimal,CoolIT / Parker Hannifin,5-7 years,Medium,https://docs.nvidia.com/dgx-superpod/design-guides/dgx-superpod-data-center-design-h100/latest/cooling.html
Adiabatic cooling systems,Evaporative pre-cooling systems for improved efficiency.,Cooling Systems,Energy Efficiency,Medium,Medium,Munters / Baltimore Aircoil,10-15 years,Medium,https://www.ashrae.org/technical-resources/bookstore/datacom-series
Free cooling economizers,Air-side or water-side economizers for free cooling.,Cooling Systems,Energy Efficiency,High,High,Trane / Carrier / Johnson Controls,15-20 years,High,https://www.ashrae.org/technical-resources/bookstore/datacom-series
Thermal energy storage tanks,Phase-change or chilled water storage for load shifting.,Cooling Systems,Energy Storage,Medium,Medium,Calmac / CRYOGEL / Evapco,20-25 years,Medium,https://www.ashrae.org/technical-resources/bookstore/datacom-series
Hybrid cooling manifolds,Distribution systems combining air and liquid cooling.,Cooling Systems,Hybrid Cooling,High,Low,CoolIT / Asetek / Vertiv,7-10 years,Medium,https://docs.nvidia.com/dgx-superpod/design-guides/dgx-superpod-data-center-design-h100/latest/cooling.html
Rear-door heat exchangers (RDHx),Door-mounted heat exchangers for high-density cooling.,Cooling Systems,Hybrid Cooling,High,Medium,Vertiv / Motivair / CoolIT,7-10 years,High,https://docs.nvidia.com/dgx-superpod/design-guides/dgx-superpod-data-center-design-h100/latest/cooling.html
Dielectric immersion fluids,Engineered non-conductive fluids for immersion cooling.,Cooling Systems,Immersion Cooling,High,Minimal,3M (legacy) / Shell / Engineered Fluids,3-5 years (periodic refresh),Medium,https://www.reuters.com/business/keeping-cool-heat-key-challenge-data-centers-ai-2025-11-28/
Immersion cooling tanks,Enclosures for dielectric immersion-cooled servers.,Cooling Systems,Immersion Cooling,High,Minimal,Submer / GRC / LiquidStack,10-15 years,High,https://www.reuters.com/business/keeping-cool-heat-key-challenge-data-centers-ai-2025-11-28/
Prefabricated mechanical modules,Pre-built cooling and HVAC modules.,Cooling Systems,Modular Infrastructure,Medium,Medium,Vertiv / Schneider / Carrier,15-20 years,Medium,https://www.opencompute.org/projects/data-center-facility
PVC/HDPE piping,Drainage and some cooling-water lines.,Cooling Systems,Piping Infrastructure,Medium,Medium,JM Eagle / Charlotte Pipe,20-30 years,High,https://www.ashrae.org/technical-resources/bookstore/datacom-series
Stainless steel piping,Chilled-water and condenser-water piping.,Cooling Systems,Piping Infrastructure,High,High,Viega / Parker Hannifin,20-30 years,High,https://www.ashrae.org/technical-resources/bookstore/datacom-series
Valves & fittings,Control and isolation valves in cooling and water systems.,Cooling Systems,Piping Infrastructure,High,High,Emerson / Parker,10-15 years,High,https://www.ashrae.org/technical-resources/bookstore/datacom-series
Water treatment chemicals,Biocides; corrosion inhibitors; and scale prevention for chilled water.,Cooling Systems,Water Treatment,High,High,Nalco / Kurita,Ongoing consumption,Low,https://www.ashrae.org/technical-resources/bookstore/datacom-series
Low-voltage cabling,Control and monitoring wiring for BMS/SCADA.,Electrical Systems,Control Wiring,High,High,Belden / CommScope,15-20 years,High,https://www.opencompute.org/wiki/Hardware_Management/SpecsAndDesigns
Variable frequency drives (VFDs),Speed controllers for pumps and fans to optimize energy use.,Electrical Systems,Energy Management,High,High,ABB / Siemens / Schneider,10-15 years,High,https://eta-publications.lbl.gov/sites/default/files/2024-12/lbnl-2024-united-states-data-center-energy-usage-report.pdf
LED lighting,High-efficiency luminaires for white space and MEP areas.,Electrical Systems,Lighting,Medium,Medium,Philips / GE Current,7-10 years,Medium,https://eta-publications.lbl.gov/sites/default/files/2024-12/lbnl-2024-united-states-data-center-energy-usage-report.pdf
Battery management systems (BMS),Advanced BMS for large-scale lithium-ion installations.,Energy Storage,Battery Management,High,High,Tesla / LG Energy / BYD,10-15 years,Medium,https://www.energy.gov/eere/vehicles/battery-management-systems
Li-ion battery racks,UPS energy storage racks for ride-through and backup.,Energy Storage,UPS Systems,High,High,LG Energy / CATL / Tesla,7-10 years,Medium,https://eta-publications.lbl.gov/sites/default/files/2024-12/lbnl-2024-united-states-data-center-energy-usage-report.pdf
Automated server deployment rails,Robotic rail systems for automated server installation.,Facilities Infrastructure,Automation Systems,Medium,Low,Custom integration / OCP vendors,15-20 years,High,https://www.opencompute.org/projects/data-center-facility
Cable management systems,Cable trays; ladder racks; and wire management accessories.,Facilities Infrastructure,Cable Infrastructure,Medium,Medium,Panduit / Legrand,15-20 years,High,https://www.opencompute.org/projects/data-center-facility
Raised floor pedestals,Adjustable support structures for raised flooring.,Facilities Infrastructure,Floor Systems,High,High,Tate / ASM,20+ years,High,https://www.ashrae.org/technical-resources/bookstore/datacom-series
Raised floor tiles,Perforated/solid tiles for airflow and cable routing.,Facilities Infrastructure,Floor Systems,High,High,ASM / Tate,15-20 years,Medium,https://www.ashrae.org/technical-resources/bookstore/datacom-series
Open racks,Rack frames supporting dense AI clusters.,Facilities Infrastructure,Rack Systems,High,High,Rittal / OCP vendors,10-15 years,High,https://www.opencompute.org/documents/open-rack-base-specification-version-3-pdf
Slide rails & mounting hardware,Mechanical hardware used to mount/slide servers in racks.,Facilities Infrastructure,Rack Systems,Medium,Medium,Supermicro / Dell,10-15 years,High,https://www.opencompute.org/documents/general-purpose-enterprise-server-specification-v1-02-20220210-docx-pdf
Server burn-in racks,Specialized racks for automated server testing at scale.,Facilities Infrastructure,Testing Infrastructure,Medium,Medium,Custom / OCP implementations,10-15 years,High,https://www.opencompute.org/projects/server
Power usage effectiveness meters,Specialized metering for PUE calculation and optimization.,Monitoring Systems,Energy Monitoring,High,High,Schneider / Eaton / Vertiv,10-15 years,Medium,https://www.thegreengrid.org/
Environmental sensors,Temperature; humidity; and airflow sensors.,Monitoring Systems,Environmental Monitoring,High,High,Sensaphone / AKCP,5-7 years,Medium,https://www.opencompute.org/wiki/Hardware_Management/SpecsAndDesigns
GPU baseboard management controllers,Specialized BMCs for GPU health monitoring and management.,Monitoring Systems,Hardware Management,High,Minimal,NVIDIA / AMD / Aspeed,5-7 years,Medium,https://www.opencompute.org/wiki/Hardware_Management/SpecsAndDesigns
BMS/DCIM servers,Hardware running building management and data center infrastructure management.,Monitoring Systems,Management Systems,High,High,Siemens / Honeywell / Schneider Electric,5-7 years,Medium,https://www.opencompute.org/wiki/Hardware_Management/SpecsAndDesigns
Power meters & monitoring,Revenue-grade and monitoring power meters.,Monitoring Systems,Power Monitoring,High,High,Schneider / Eaton,10-15 years,Medium,https://www.opencompute.org/wiki/Hardware_Management/SpecsAndDesigns
Copper Ethernet cables,Twisted-pair copper cabling for networking.,Networking,Copper Infrastructure,Medium,High,CommScope / Belden,7-10 years,High,https://en.wikipedia.org/wiki/IEEE_802.3
Patch panels & enclosures,Termination hardware for structured cabling.,Networking,Copper Infrastructure,Medium,Medium,Panduit / Legrand,10-15 years,High,https://www.opencompute.org/projects/data-center-facility
NVLink cables,High-speed copper or optical cables for direct GPU-to-GPU communication.,Networking,GPU Interconnects,Critical,Minimal,NVIDIA / Amphenol,3-5 years,Medium,https://www.nvidia.com/en-us/data-center/nvlink/
NVLink switches/bridges,NVIDIA's proprietary high-bandwidth GPU-to-GPU interconnect switches.,Networking,GPU Interconnects,Critical,Minimal,NVIDIA,3-5 years,Medium,https://www.nvidia.com/en-us/data-center/nvlink/
Active optical cables (AOCs),Integrated transceiver cables for rack-scale AI networking.,Networking,High-Speed Interconnects,High,Medium,Amphenol / Molex / TE Connectivity,5-7 years,Medium,https://www.nvidia.com/en-us/networking/
InfiniBand cables & adapters,Low-latency interconnect for AI training clusters.,Networking,High-Speed Interconnects,Critical,Minimal,NVIDIA / Mellanox,3-5 years,Medium,https://www.nvidia.com/en-us/networking/products/infiniband/
RDMA-capable Ethernet switches,Switches with hardware support for RoCE (RDMA over Converged Ethernet).,Networking,High-Speed Interconnects,Critical,Low,Arista / Cisco / NVIDIA,5-7 years,Medium,https://www.nvidia.com/en-us/networking/
RoCE network adapters,RDMA over Converged Ethernet for low-latency AI networking.,Networking,High-Speed Interconnects,Critical,Low,NVIDIA / Broadcom,3-5 years,Medium,https://www.nvidia.com/en-us/networking/products/adapters/
Smart NICs / DPUs,Data processing units for offloading networking and security tasks.,Networking,Intelligent Network Adapters,High,Medium,NVIDIA / AMD / Intel,3-5 years,Medium,https://www.nvidia.com/en-us/networking/products/data-processing-unit/
SDN controller appliances,Hardware for software-defined networking control plane.,Networking,Network Management,High,High,VMware / Cisco / Arista,5-7 years,Medium,https://www.opencompute.org/projects/networking
Network packet brokers,Traffic aggregation and filtering for monitoring.,Networking,Network Monitoring,Medium,Medium,Gigamon / Ixia / cPacket,7-10 years,Medium,https://www.opencompute.org/projects/networking
Optical transceivers,Pluggable optical modules (100–800G) for high-speed links.,Networking,Optical Components,High,High,Cisco / Broadcom / II-VI,3-5 years,Medium,https://standards.ieee.org/standard/802_3-2018.html
Fiber-optic cables,Single-mode/multimode fiber for cluster and DC interconnects.,Networking,Optical Infrastructure,High,High,Corning / Prysmian,10-15 years,Medium,https://www.tiafotc.org/ieee-802-3-ethernet-standards-update/singlemode-standards-update/
NVMe-oF switches,NVMe over Fabrics switches for distributed storage access.,Networking,Storage Networking,High,Medium,Broadcom / Marvell,5-7 years,Medium,https://nvmexpress.org/
Spine switches,High-capacity core switches in spine-leaf architecture.,Networking,Switching Hardware,High,High,Arista / Cisco / Broadcom,7-10 years,Medium,https://www.opencompute.org/projects/networking
Switch chassis & line cards,Mechanical and electrical housings for high-port switches.,Networking,Switching Hardware,High,High,Arista / Cisco,7-10 years,Medium,https://www.opencompute.org/projects/networking
Switch/router ASICs,High-radix packet-switching chips in DC fabric switches.,Networking,Switching Hardware,High,High,Broadcom / NVIDIA,5-7 years,Medium,https://www.opencompute.org/projects/networking
Top-of-Rack (ToR) switches,Edge switches at the top of each rack connecting servers to spine.,Networking,Switching Hardware,High,High,Arista / Cisco / Juniper,5-7 years,Medium,https://www.opencompute.org/projects/networking
Automated optical layer testing,Fiber testing and validation equipment for high-density networks.,Networking,Testing Equipment,Medium,Medium,VIAVI / EXFO / Fluke Networks,7-10 years,Medium,https://www.opencompute.org/projects/networking
Gallium nitride (GaN) power semiconductors,Compact high-frequency power converters for improved efficiency.,Power Electronics,Advanced Power Devices,Medium,Low,GaN Systems / Navitas / Efficient Power Conversion,5-7 years,Medium,https://www.infineon.com/cms/en/product/power/gan-power-semiconductors/
Silicon carbide (SiC) power semiconductors,High-efficiency power conversion devices for next-gen PSUs and UPS.,Power Electronics,Advanced Power Devices,High,Medium,Wolfspeed / Infineon / STMicroelectronics,5-7 years,Medium,https://www.wolfspeed.com/markets/data-centers/
Voltage regulator modules (VRMs),DC-DC converters feeding CPUs/GPUs on boards.,Power Electronics,Board-Level Power,Critical,High,Infineon / Renesas,N/A - Integrated in server,Medium,https://www.opencompute.org/projects/rack-and-power
Dynamic power management controllers,Hardware for managing burst power loads in AI clusters.,Power Electronics,Power Management,Medium,Low,Intel / NVIDIA / custom,5-7 years,Medium,https://www.opencompute.org/projects/rack-and-power
Server PSUs (AC-DC),Hot-swap AC-DC front-end power supplies feeding rack busbars.,Power Electronics,Server-Level Power,High,High,Delta / Lite-On,5-7 years,Medium,https://www.advancedenergy.com/en-us/products/ac-dc-power-supply-units/ac-dc-front-end-psus/ocp-compliant-ac-psus/ocp-orv2-compliant-psu/
UPS power electronics,Rectifiers/inverters and DC-link components in UPS systems.,Power Electronics,UPS Systems,High,High,Eaton / Vertiv,10-15 years,Medium,https://eta-publications.lbl.gov/sites/default/files/2024-12/lbnl-2024-united-states-data-center-energy-usage-report.pdf
48V DC power distribution,High-efficiency 48V DC bus systems for AI rack power delivery.,Power Infrastructure,Advanced Power Distribution,High,Low,Vicor / Flex / Delta,10-15 years,High,https://www.opencompute.org/projects/rack-and-power
Diesel generators,Backup generation for long-duration outages.,Power Infrastructure,Backup Generation,High,High,Caterpillar / Cummins,15-20 years,Medium,https://www.energy.gov/articles/doe-releases-new-report-evaluating-increase-electricity-demand-data-centers
Fuel storage tanks,On-site fuel storage for generators.,Power Infrastructure,Backup Generation,High,High,Multiple industrial tank suppliers,20-30 years,High,https://www.energy.gov/articles/doe-releases-new-report-evaluating-increase-electricity-demand-data-centers
Natural gas connections,Grid natural gas for generator or turbine backup.,Power Infrastructure,Backup Generation,Medium,Medium,Utility providers / connection hardware from multiple,20+ years,N/A,https://www.energy.gov/articles/doe-releases-new-report-evaluating-increase-electricity-demand-data-centers
Busways / bus ducts,Overhead busway delivering high currents to racks.,Power Infrastructure,Facility Distribution,High,High,Starline / Eaton,15-20 years,High,https://cn.belfuse.com/home/resources/technical-library/applying-ocp-rack-and-power-specs-to-new-and-existing-data-centers
Distribution panels & breakers,Low-voltage distribution within the building.,Power Infrastructure,Facility Distribution,High,High,Schneider / Eaton,15-20 years,High,https://www.opencompute.org/projects/data-center-facility
Grounding bars & rods,Copper grounding for safety and EMI control.,Power Infrastructure,Grounding Systems,High,High,nVent / ERICO,20+ years,High,https://www.ashrae.org/technical-resources/bookstore/datacom-series
Prefabricated electrical modules,Pre-assembled electrical distribution modules.,Power Infrastructure,Modular Infrastructure,Medium,Medium,Schneider / Eaton / ABB,20-25 years,High,https://www.opencompute.org/projects/data-center-facility
High-current busbars (copper/aluminum),Extra-heavy busbars for extreme power density racks.,Power Infrastructure,Rack-Level Power,High,Medium,Starline / Eaton / Schneider,15-20 years,High,https://www.opencompute.org/projects/rack-and-power
Rack PDUs / rPDUs,Per-rack power distribution units with monitoring.,Power Infrastructure,Rack-Level Power,High,High,APC / Vertiv,7-10 years,Medium,https://www.sunbirddcim.com/video/what%E2%80%99s-inside-open-compute-ocp-rack
Rack busbars,Vertical copper/aluminum busbars delivering DC power in racks.,Power Infrastructure,Rack-Level Power,High,Medium,Eaton / Schneider,10-15 years,High,https://www.opencompute.org/projects/rack-and-power
Rack-level transformers,High-power transformers for 100+ kW AI racks.,Power Infrastructure,Rack-Level Power,High,Low,ABB / Eaton,15-20 years,High,https://www.opencompute.org/projects/rack-and-power
Medium-voltage switchgear,Grid connection and protection equipment.,Power Infrastructure,Utility & Substation,High,High,Schneider / Eaton,20-30 years,High,https://www.energy.gov/articles/doe-releases-new-report-evaluating-increase-electricity-demand-data-centers
Power transformers,Step-down transformers at data-center substations.,Power Infrastructure,Utility & Substation,High,High,ABB / Siemens,20-30 years,High,https://www.energy.gov/articles/doe-releases-new-report-evaluating-increase-electricity-demand-data-centers
Battery energy storage systems (BESS),Grid-scale battery storage beyond UPS (for renewables integration).,Renewable Energy,Energy Storage,Low,Low,Tesla / LG Energy / BYD,10-15 years,Medium,https://www.energy.gov/eere/solar/solar-energy-technologies-office
Microgrid controllers,Controllers for integrating on-site generation with grid power.,Renewable Energy,Grid Integration,Medium,Low,Schneider / Siemens / ABB,10-15 years,Medium,https://www.energy.gov/eere/solar/microgrid-controllers
Solar panels,Photovoltaic arrays for on-site renewable generation.,Renewable Energy,Solar Generation,Low,Low,First Solar / Canadian Solar / Longi,20-25 years,Medium,https://www.energy.gov/eere/solar/solar-energy-technologies-office
Wind turbine connections,Integration hardware for wind power where applicable.,Renewable Energy,Wind Integration,Minimal,Minimal,Vestas / Siemens Gamesa,20-25 years,Medium,https://www.energy.gov/eere/wind/wind-energy-technologies-office
Emergency lighting,Battery-backed egress and safety lighting.,Safety Systems,Emergency Systems,High,High,Philips / Cooper Lighting,7-10 years,Medium,https://www.opencompute.org/projects/data-center-facility
Fire detection sensors,Smoke; heat; and flame detectors.,Safety Systems,Fire Detection,High,High,Honeywell / Siemens,7-10 years,Medium,https://www.ashrae.org/technical-resources/bookstore/datacom-series
Fire suppression cylinders,Gas or water cylinders for fire protection.,Safety Systems,Fire Suppression,High,High,Fike / Kidde,15-20 years (periodic testing),Medium,https://www.ashrae.org/technical-resources/bookstore/datacom-series
Sprinkler piping & nozzles,Delivery hardware for water-based fire suppression.,Safety Systems,Fire Suppression,High,High,Tyco / Viking,20-30 years,High,https://www.ashrae.org/technical-resources/bookstore/datacom-series
Security fencing & barriers,Perimeter security infrastructure.,Security Systems,Perimeter Security,High,High,Multiple industrial fencing suppliers,20+ years,High,https://www.opencompute.org/projects/data-center-facility
Access control hardware,Card readers; locks; turnstiles.,Security Systems,Physical Security,High,High,HID Global / Assa Abloy,7-10 years,Medium,https://www.opencompute.org/projects/data-center-facility
Biometric scanners,Fingerprint; iris; or facial recognition systems.,Security Systems,Physical Security,Medium,Medium,Suprema / ZKTeco,5-7 years,Medium,https://www.opencompute.org/projects/data-center-facility
Intrusion detection sensors,Motion sensors; door contacts; perimeter detection.,Security Systems,Physical Security,High,High,Bosch / Honeywell,7-10 years,Medium,https://www.opencompute.org/projects/data-center-facility
Surveillance cameras,Video monitoring systems for DC security.,Security Systems,Physical Security,High,High,Axis / Hikvision / Hanwha,5-7 years,Medium,https://www.opencompute.org/projects/data-center-facility
CMP slurries & etchants,Chemicals for wafer planarization and etching.,Semiconductor Raw Materials,Chemical Processing,Critical,High,Cabot Microelectronics / Merck,N/A - Consumed in production,Low,https://eta-publications.lbl.gov/sites/default/files/2024-12/lbnl-2024-united-states-data-center-energy-usage-report.pdf
Doping materials (B; P; As),Dopants for forming transistor regions in data-center chips.,Semiconductor Raw Materials,Chemical Processing,Critical,High,Merck / Entegris,N/A - Consumed in production,Low,https://eta-publications.lbl.gov/sites/default/files/2024-12/lbnl-2024-united-states-data-center-energy-usage-report.pdf
High-purity process gases,Gases (N₂; Ar; etc.) used in semiconductor fabrication.,Semiconductor Raw Materials,Chemical Processing,Critical,High,Air Liquide / Linde,N/A - Consumed in production,Medium,https://eta-publications.lbl.gov/sites/default/files/2024-12/lbnl-2024-united-states-data-center-energy-usage-report.pdf
Photoresists & EUV resists,Light-sensitive chemicals for lithography of server/accelerator chips.,Semiconductor Raw Materials,Chemical Processing,Critical,High,JSR / TOK / DuPont,N/A - Consumed in production,Low,https://eta-publications.lbl.gov/sites/default/files/2024-12/lbnl-2024-united-states-data-center-energy-usage-report.pdf
Polysilicon feedstock,Ultra-pure silicon used to manufacture wafers.,Semiconductor Raw Materials,Silicon Processing,Critical,High,Wacker / Hemlock Semiconductor,N/A - Consumed in production,Low,https://eta-publications.lbl.gov/sites/default/files/2024-12/lbnl-2024-united-states-data-center-energy-usage-report.pdf
Silicon wafers,Base substrate for CPUs/GPUs/ASICs used in servers and AI accelerators.,Semiconductor Raw Materials,Wafer Production,Critical,High,GlobalWafers / Shin-Etsu / SUMCO,N/A - Consumed in production,Low,https://eta-publications.lbl.gov/sites/default/files/2024-12/lbnl-2024-united-states-data-center-energy-usage-report.pdf
Fused silica optics,High-purity glass for lenses and optical interfaces.,Specialty Materials,Advanced Optics,High,High,Corning / Schott,10-15 years,Medium,https://www.tiafotc.org/ieee-802-3-ethernet-standards-update/singlemode-standards-update/
Copper alloys,High-conductivity copper for busbars and heat management.,Specialty Materials,Conductive Materials,High,High,Multiple metal suppliers,N/A - Raw material,High,https://www.opencompute.org/projects/rack-and-power
Tantalum capacitors,High-density capacitors on server and switch boards.,Specialty Materials,Electronic Components,High,High,Kemet / Vishay,N/A - Integrated in boards,Medium,https://www.opencompute.org/documents/general-purpose-enterprise-server-specification-v1-02-20220210-docx-pdf
Neodymium-iron-boron magnets,High-performance magnets in fans; drives; and pumps.,Specialty Materials,Rare-Earth Materials,High,High,JL MAG / MP Materials,N/A - Integrated in equipment,Medium,https://www.reuters.com/business/keeping-cool-heat-key-challenge-data-centers-ai-2025-11-28/
Electromagnetic shielding materials,EMI/RFI shielding for sensitive equipment and cables.,Specialty Materials,Shielding Materials,Medium,Medium,Parker Chomerics / 3M,N/A - Integrated in products,Medium,https://www.opencompute.org/projects/server
Gallium; indium; germanium,III-V semiconductor materials for optics and power devices.,Specialty Materials,Specialty Metals,High,High,Indium Corp / 5N Plus,N/A - Consumed in production,Medium,https://www.tiafotc.org/ieee-802-3-ethernet-standards-update/singlemode-standards-update/
Aluminum alloys,Lightweight alloys for heatsinks and structural components.,Specialty Materials,Structural Materials,High,High,Alcoa / Novelis,N/A - Raw material,High,https://www.ashrae.org/technical-resources/bookstore/datacom-series
Phase-change materials,Advanced thermal storage materials for peak load management.,Specialty Materials,Thermal Storage,Low,Low,PCM Products / Rubitherm,10-15 years,Medium,https://www.ashrae.org/technical-resources/bookstore/datacom-series
Training checkpoint storage arrays,Fast backup storage for model checkpoints during training.,Storage Systems,Backup Storage,High,Low,Pure Storage / VAST Data / WekaIO,5-7 years,Medium,https://www.opencompute.org/projects/storage
Parallel file system appliances,Lustre/GPFS storage servers for distributed AI training data.,Storage Systems,Distributed Storage,High,Low,DDN / WekaIO / IBM,5-7 years,Medium,https://www.lustre.org/
GPU direct storage controllers,Controllers enabling GPUs to access storage directly (bypass CPU).,Storage Systems,GPU-Accelerated Storage,High,Minimal,NVIDIA GPUDirect Storage compatible,5-7 years,Medium,https://developer.nvidia.com/gpudirect-storage
All-flash NVMe arrays,High-performance all-flash storage arrays for training datasets.,Storage Systems,High-Performance Storage,High,Medium,Pure Storage / NetApp / Dell EMC,5-7 years,Medium,https://www.snia.org/
HDD assemblies,Spinning disk drives for bulk storage and backups.,Storage Systems,Mechanical Storage,Low,Medium,Seagate / Western Digital,3-5 years,Medium,https://escholarship.org/uc/item/32d6m0d1
NAND flash packages,Non-volatile memory packages used in SSDs.,Storage Systems,Solid-State Storage,High,High,Kioxia / Samsung / Micron,3-5 years,Medium,https://escholarship.org/uc/item/32d6m0d1
Storage cache servers,High-memory servers for dataset caching and preprocessing.,Storage Systems,Storage Acceleration,Medium,Low,Supermicro / Dell / HPE,5-7 years,Medium,https://www.opencompute.org/projects/storage
NVMe controllers,High-speed storage controllers for SSD management and PCIe interfacing.,Storage Systems,Storage Controllers,High,High,Samsung / Western Digital / Marvell,3-5 years,Medium,https://nvmexpress.org/
NVMe-oF initiators,Host bus adapters for NVMe over Fabrics connectivity.,Storage Systems,Storage Networking,High,Low,Broadcom / Marvell / Chelsio,5-7 years,Medium,https://nvmexpress.org/
Waste heat capture systems,Heat exchangers for capturing waste heat for reuse.,Sustainability,Heat Recovery,Low,Low,Alfa Laval / Climaveneta,15-20 years,High,https://eta-publications.lbl.gov/sites/default/files/2024-12/lbnl-2024-united-states-data-center-energy-usage-report.pdf
Waste heat recovery systems,District heating interfaces or thermal storage for heat reuse.,Sustainability,Heat Recovery,Low,Low,Multiple thermal engineering suppliers,15-20 years,Medium,https://eta-publications.lbl.gov/sites/default/files/2024-12/lbnl-2024-united-states-data-center-energy-usage-report.pdf
Rainwater harvesting systems,Collection and storage for non-potable water uses.,Sustainability,Water Management,Low,Low,Multiple water system suppliers,20+ years,Medium,https://www.ashrae.org/technical-resources/bookstore/datacom-series
Water recycling systems,Greywater treatment and recirculation for cooling towers.,Sustainability,Water Management,Medium,Medium,Evoqua / Veolia,15-20 years,Medium,https://www.ashrae.org/technical-resources/bookstore/datacom-series
Copper heatsinks,Traditional finned heatsinks for air cooling.,Thermal Management,Heat Spreaders,Medium,High,CoolerMaster / Noctua,7-10 years,High,https://www.ashrae.org/technical-resources/bookstore/datacom-series
Vapor chambers,Advanced heat spreaders using phase-change for high-power chips.,Thermal Management,Heat Spreaders,High,Medium,Auras / Cooler Master,5-7 years,Medium,https://docs.nvidia.com/dgx-superpod/design-guides/dgx-superpod-data-center-design-h100/latest/cooling.html
Thermal interface materials (TIMs),Thermal paste and pads for heat transfer between chips and heatsinks.,Thermal Management,Interface Materials,Critical,High,Shin-Etsu / Henkel / Laird,1-3 years (maintenance),Low,https://docs.nvidia.com/dgx-superpod/design-guides/dgx-superpod-data-center-design-h100/latest/cooling.html
